{"cameraMode":{"drawMode":0,"name":"Shaded","section":"Shading Mode"},"sceneLighting":true,"audioPlay":false,"sceneViewState":{"showFog":true,"showMaterialUpdate":false,"showSkybox":true,"showFlares":true,"showImageEffects":true,"showParticleSystems":true},"in2DMode":false,"pivot":{"x":-1.2363429069519044,"y":6.417558670043945,"z":1.5315322875976563},"rotation":{"x":-0.1231255754828453,"y":0.25651440024375918,"z":-0.03296462446451187,"w":-0.9580994248390198},"size":19.769649505615236,"orthographic":false}